date,t,rh,u,sin,sout,lin,lout,p,zu,zt,rho,q,teq,ts,qs,zq
2010-07-11,281.3144444444444,0.6469943576666667,3.1469999999999994,135.66654121500002,58.97434487799998,,,861.5629500947016,2.0,2.0,0.55892538070384,0.0050684278917946185,293.7591281071932,,,2.0
2010-07-12,280.8915416666666,0.879150390625,4.907583333333334,157.051785842125,58.27346599241667,,,861.5629500947019,2.0,2.0,0.5726334067547728,0.006683935015252528,297.2863809815107,,,2.0
2010-07-13,275.87779166666667,0.8839925130208334,4.236833333333334,133.488888166,48.60666704033335,,,861.5629500947019,2.0,2.0,0.7327863787931683,0.004739535495848445,287.5812352464116,,,2.0
2010-07-14,277.66616666666664,0.9175618489583334,4.679708333333333,172.97440163149997,56.74965614579167,,,861.5629500947019,2.0,2.0,0.6788709899726103,0.005635041040722177,291.541342227483,,,2.0
2010-07-15,276.9259166666667,0.7812093098958334,2.128833333333333,240.22443269441666,87.4504293238333,,,861.5629500947019,2.0,2.0,0.7015091303510724,0.004523150137739876,288.08395789652735,,,2.0
2010-07-16,277.54391666666663,0.9769287109375,1.8254166666666665,70.77900255858334,26.07084633712501,,,861.5629500947019,2.0,2.0,0.6837713720419236,0.005912447610311399,292.1037738694883,,,2.0
2010-07-17,282.0480416666666,0.7741780598958333,2.7289999999999996,193.33056953800005,67.89887412058336,,,861.5629500947019,2.0,2.0,0.5266496674724621,0.006351036452221275,297.6121784746868,,,2.0
2010-07-18,280.5730833333333,0.8799235026041666,6.090708333333333,33.64927837495833,12.98206210170833,,,861.5629500947019,2.0,2.0,0.5820375394929022,0.006589366367141604,296.73849076476466,,,2.0
2010-07-19,276.42725,0.8671875,7.055499999999999,141.63011505608333,50.607395440375,,,861.5629500947019,2.0,2.0,0.7169944725514719,0.004832054030775291,288.3516370198619,,,2.0
2010-07-20,275.664875,0.88037109375,6.043916666666668,76.10814014966665,28.844289415541667,,,861.5629500947019,2.0,2.0,0.7386326843951697,0.004663801783605532,287.1839889294135,,,2.0
2010-07-21,276.24749999999995,0.8695475260416666,2.7991666666666664,125.0648454682083,46.09738595129166,,,861.5629500947019,2.0,2.0,0.7209486692272428,0.004839553029018116,288.18834239517986,,,2.0
2010-07-22,278.3571666666667,0.8992919921875,3.530625,91.549932824,33.17180104870833,,,861.5629500947019,2.0,2.0,0.656578615678748,0.0057939457425352165,292.6118313054306,,,2.0
2010-07-23,272.1915833333334,0.8284505208333334,5.451375000000001,160.96382203241663,105.0738942142083,,,861.5629500947019,2.0,2.0,0.82916412694445,0.0033996165663517396,280.6262104841823,,,2.0
2010-07-24,276.9312083333333,0.5761474609541665,3.0104166666666674,298.2901279992083,200.34757606516658,,,861.5629500947019,2.0,2.0,0.6996213968852635,0.0032327666535219746,284.91699414529404,,,2.0
2010-07-25,279.042625,0.6650960286666667,1.4000833333333331,256.33085360475,147.29614487129166,,,861.5629500947019,2.0,2.0,0.6358996910370078,0.004417520963388265,289.9193591386379,,,2.0
2010-07-26,279.58549999999997,0.7487263997499999,1.7839166666666666,178.32050793329165,91.17285266345834,,,861.5629500947019,2.0,2.0,0.617771123960784,0.005278507106604292,292.559292643167,,,2.0
2010-07-27,282.83374999999995,0.9546712239583334,2.9074166666666663,34.87987097325,12.44329369395833,,,861.5629500947019,2.0,2.0,0.500519236338594,0.008298978948899515,303.125388075806,,,2.0
2010-07-28,279.5604166666667,0.8450927734375,2.9690416666666675,211.3923142265834,68.20855313316667,,,861.5629500947019,2.0,2.0,0.6199320802091107,0.005876928019350602,294.0047088169525,,,2.0
2010-07-29,280.2761666666666,0.7731282552166667,2.9964166666666667,228.33551644574996,82.74090144079166,,,861.5629500947019,2.0,2.0,0.5957959869060963,0.005639543469850122,294.12937671841013,,,2.0
2010-07-30,283.02208333333334,0.9688313802083334,3.463416666666667,45.82759342604168,15.95192892379167,,,861.5629500947019,2.0,2.0,0.4928734854942732,0.008539929168495086,303.8940538777355,,,2.0
2010-07-31,280.0621666666666,0.9647623697916666,5.16775,26.3466302575,11.483954974583336,,,861.5629500947019,2.0,2.0,0.6026298409817222,0.006959510375530657,297.1427497203105,,,2.0
2010-08-01,280.3027083333333,0.8095703125,4.544958333333334,142.79115901720832,57.58310315679168,,,861.5629500947019,2.0,2.0,0.5941830389628037,0.005928594029820947,294.8618968042512,,,2.0
2010-08-02,279.90041666666656,0.8467203776041666,3.764875,180.09216251058334,68.17541467825,,,861.5629500947019,2.0,2.0,0.607947188626721,0.00605801026558966,294.7800068065829,,,2.0
2010-08-03,278.0549166666666,0.7944864908875,2.3480000000000003,157.77318315525002,64.41065492820833,,,861.5629500947019,2.0,2.0,0.6686239477279625,0.004963761096517103,290.283075639704,,,2.0
2010-08-04,279.15062500000005,0.796875,1.7553750000000006,156.044141333625,68.58807647004166,,,861.5629500947019,2.0,2.0,0.6329129534239647,0.005383856861928107,292.39371399482445,,,2.0
2010-08-05,280.59520833333323,0.7684285481833334,2.733875,147.08162609449997,58.989144709041675,,,861.5629500947019,2.0,2.0,0.584101489628215,0.005716943482570322,294.6347818393966,,,2.0
2010-08-06,281.8993749999999,0.8487955729166666,2.292291666666667,145.9203190747917,58.41216608483333,,,861.5629500947019,2.0,2.0,0.5349972275967078,0.006899761472024388,298.80476683055986,,,2.0
2010-08-07,281.4185416666666,0.7732991536458332,3.0580833333333337,209.27934421924996,81.53472212441666,,,861.5629500947019,2.0,2.0,0.5546374696653276,0.0060870192198476,296.35027315941943,,,2.0
2010-08-08,279.5954166666666,0.8270263671875,3.4728333333333334,168.21900139175003,69.38314132870835,,,861.5629500947019,2.0,2.0,0.6187896838945895,0.0057610229739929264,293.7560371381679,,,2.0
2010-08-09,277.84287499999994,0.9521077473958334,2.682916666666667,74.07270690466667,31.14188845749999,,,861.5629500947019,2.0,2.0,0.6752758752611013,0.005869997491785114,292.2956504311548,,,2.0
2010-08-10,279.9409166666666,0.8405232747416665,2.30325,183.24528810912497,76.18623683891667,,,861.5629500947019,2.0,2.0,0.6047913638865366,0.005968320101605942,294.6033051623578,,,2.0
2010-08-11,281.03483333333327,0.6807657877708335,4.058875000000001,214.8447046567917,79.53446651470834,,,861.5629500947019,2.0,2.0,0.5676923553565637,0.005210033728908763,293.82814526248444,,,2.0
2010-08-12,279.0172916666667,0.889892578125,2.93,127.52057534516666,51.82324551979167,,,861.5629500947019,2.0,2.0,0.626097523579905,0.005959581365519347,293.663378548918,,,2.0
2010-08-13,282.91624999999993,0.7879842122458335,4.692916666666667,81.80482066112499,30.892855815833332,,,861.5629500947019,2.0,2.0,0.49802202125752276,0.00686779181459857,299.7277559564114,,,2.0
2010-08-14,281.2115416666667,0.8340657552083334,5.749458333333333,54.54278798300001,21.796803226999998,,,861.5629500947019,2.0,2.0,0.5566612618411707,0.006505961969471918,297.1632519112791,,,2.0
2010-08-15,273.49020833333327,0.7715616862000001,6.900166666666666,163.22704288904166,71.869771357125,,,861.5629500947019,2.0,2.0,0.7954062887705966,0.003527784515514285,282.2279272448316,,,2.0
2010-08-16,274.8460833333333,0.5250773112125001,2.7507916666666663,256.2297547998333,126.08878480295834,,,861.5629500947019,2.0,2.0,0.7582398492574219,0.002515932188829617,281.07832425453006,,,2.0
2010-08-17,277.81008333333335,0.5731852213624999,1.8928333333333331,226.1597779495,110.25410839533333,,,861.5629500947019,2.0,2.0,0.6758800327137515,0.0034959808475033354,286.43425369458333,,,2.0
2010-08-18,276.1665416666667,0.6650756836041667,1.8882500000000002,256.1840605916249,127.67822681895836,,,861.5629500947019,2.0,2.0,0.7234130469453245,0.0036124830265537914,285.09276262482996,,,2.0
2010-08-19,273.8850416666666,0.9143473307291666,0.7827916666666667,227.55539782783333,118.84010396629166,,,861.5629500947019,2.0,2.0,0.7856007167515379,0.004258094784735342,284.42374518317325,,,2.0
2010-08-20,276.96208333333334,0.8302815755208334,2.1049583333333337,220.6782788336666,105.25514562141664,,,861.5629500947019,2.0,2.0,0.7011249838315349,0.004801031715972868,288.80378021424764,,,2.0
2010-08-21,277.09700000000004,0.8710123697916666,1.8319999999999999,121.034183575125,63.931716245625005,,,861.5629500947019,2.0,2.0,0.6975930251654656,0.005081022329429579,289.62484718235135,,,2.0
2010-08-22,275.0719583333333,0.9912516276041666,1.1112083333333334,34.48724300716667,18.12294855008333,,,861.5629500947019,2.0,2.0,0.7545726334011157,0.005031406331646689,287.5027683888051,,,2.0
2010-08-23,273.3148749999999,0.9965413411458334,1.2708749999999995,67.04472886741667,59.033329307375006,,,861.5629500947019,2.0,2.0,0.800109853505555,0.004450578432933932,284.3364027826644,,,2.0
2010-08-24,272.9519583333333,0.9933675130208334,1.248,76.24417612379168,54.53342038404167,,,861.5629500947019,2.0,2.0,0.8095429669943743,0.004311389041854447,283.63375478929,,,2.0
2010-08-25,270.2070833333333,0.9829731499666666,,119.61086547387504,105.91950487200005,,,861.5629500947019,2.0,2.0,0.8773403556942533,0.003399622358446573,278.6605561680333,,,2.0
2010-08-26,269.27929166666667,0.9567370661458331,,71.52740244295832,64.5248987515,,,861.5629500947019,2.0,2.0,0.8981592940883214,0.003056726643791729,276.8900065933685,,,2.0
2010-08-27,270.62725,0.913310412575,,102.65768282129166,87.35539805024997,,,861.5629500947019,2.0,2.0,0.8672842487758272,0.0032761980255050856,278.7706336379753,,,2.0
2010-08-28,270.52524999999997,0.9155206286874998,,67.68576804566668,60.382291928,,,861.5629500947019,2.0,2.0,0.8702291978546078,0.0032465270572158505,278.59669127547596,,,2.0
2010-08-29,271.80854166666666,0.9639366729583335,,88.60850380416666,78.33004941387502,,,861.5629500947019,2.0,2.0,0.8385516885326306,0.0038092554364182996,281.2609058752658,,,2.0
2010-08-30,273.2325,0.8654176587291663,,130.87989978041665,114.40823415900002,,,861.5629500947019,2.0,2.0,0.8024876795369972,0.003827227320619641,282.71608570033095,,,2.0
2010-08-31,272.53779166666664,0.8843333333333333,5.999291666666668,75.44786065604167,68.83844152279168,,,861.5629500947019,2.0,2.0,0.8199743201304593,0.003733343817805376,281.7942190656817,,,2.0
2010-09-01,270.77599999999995,0.797,9.24,1.285307575,1.285307575,,,861.5629500947016,2.0,2.0,0.8644017939688731,0.0028874311082926797,277.95491541796014,,,2.0
2010-09-02,,,,,,,,,,,,,,,,
2010-09-03,,,,,,,,,,,,,,,,
2010-09-04,,,,,,,,,,,,,,,,
2010-09-05,,,,,,,,,,,,,,,,
2010-09-06,,,,,,,,,,,,,,,,
2010-09-07,,,,,,,,,,,,,,,,
2010-09-08,,,,,,,,,,,,,,,,
2010-09-09,,,,,,,,,,,,,,,,
2010-09-10,,,,,,,,,,,,,,,,
2010-09-11,,,,,,,,,,,,,,,,
2010-09-12,,,,,,,,,,,,,,,,
2010-09-13,,,,,,,,,,,,,,,,
2010-09-14,,,,,,,,,,,,,,,,
2010-09-15,,,,,,,,,,,,,,,,
2010-09-16,,,,,,,,,,,,,,,,
2010-09-17,,,,,,,,,,,,,,,,
2010-09-18,,,,,,,,,,,,,,,,
2010-09-19,,,,,,,,,,,,,,,,
2010-09-20,,,,,,,,,,,,,,,,
2010-09-21,,,,,,,,,,,,,,,,
2010-09-22,,,,,,,,,,,,,,,,
2010-09-23,,,,,,,,,,,,,,,,
2010-09-24,,,,,,,,,,,,,,,,
2010-09-25,,,,,,,,,,,,,,,,
2010-09-26,,,,,,,,,,,,,,,,
2010-09-27,,,,,,,,,,,,,,,,
2010-09-28,,,,,,,,,,,,,,,,
2010-09-29,,,,,,,,,,,,,,,,
2010-09-30,,,,,,,,,,,,,,,,
2010-10-01,,,,,,,,,,,,,,,,
2010-10-02,,,,,,,,,,,,,,,,
2010-10-03,,,,,,,,,,,,,,,,
2010-10-04,,,,,,,,,,,,,,,,
2010-10-05,,,,,,,,,,,,,,,,
2010-10-06,,,,,,,,,,,,,,,,
2010-10-07,,,,,,,,,,,,,,,,
2010-10-08,,,,,,,,,,,,,,,,
2010-10-09,,,,,,,,,,,,,,,,
2010-10-10,,,,,,,,,,,,,,,,
2010-10-11,,,,,,,,,,,,,,,,
2010-10-12,,,,,,,,,,,,,,,,
2010-10-13,,,,,,,,,,,,,,,,
2010-10-14,,,,,,,,,,,,,,,,
2010-10-15,,,,,,,,,,,,,,,,
2010-10-16,,,,,,,,,,,,,,,,
2010-10-17,,,,,,,,,,,,,,,,
2010-10-18,,,,,,,,,,,,,,,,
2010-10-19,,,,,,,,,,,,,,,,
2010-10-20,,,,,,,,,,,,,,,,
2010-10-21,,,,,,,,,,,,,,,,
2010-10-22,,,,,,,,,,,,,,,,
2010-10-23,,,,,,,,,,,,,,,,
2010-10-24,,,,,,,,,,,,,,,,
2010-10-25,,,,,,,,,,,,,,,,
2010-10-26,,,,,,,,,,,,,,,,
2010-10-27,,,,,,,,,,,,,,,,
2010-10-28,,,,,,,,,,,,,,,,
2010-10-29,,,,,,,,,,,,,,,,
2010-10-30,,,,,,,,,,,,,,,,
2010-10-31,,,,,,,,,,,,,,,,
2010-11-01,,,,,,,,,,,,,,,,
2010-11-02,,,,,,,,,,,,,,,,
2010-11-03,,,,,,,,,,,,,,,,
2010-11-04,,,,,,,,,,,,,,,,
2010-11-05,,,,,,,,,,,,,,,,
2010-11-06,,,,,,,,,,,,,,,,
2010-11-07,,,,,,,,,,,,,,,,
2010-11-08,,,,,,,,,,,,,,,,
2010-11-09,,,,,,,,,,,,,,,,
2010-11-10,,,,,,,,,,,,,,,,
2010-11-11,,,,,,,,,,,,,,,,
2010-11-12,,,,,,,,,,,,,,,,
2010-11-13,,,,,,,,,,,,,,,,
2010-11-14,,,,,,,,,,,,,,,,
2010-11-15,,,,,,,,,,,,,,,,
2010-11-16,,,,,,,,,,,,,,,,
2010-11-17,,,,,,,,,,,,,,,,
2010-11-18,,,,,,,,,,,,,,,,
2010-11-19,,,,,,,,,,,,,,,,
2010-11-20,,,,,,,,,,,,,,,,
2010-11-21,,,,,,,,,,,,,,,,
2010-11-22,,,,,,,,,,,,,,,,
2010-11-23,,,,,,,,,,,,,,,,
2010-11-24,,,,,,,,,,,,,,,,
2010-11-25,,,,,,,,,,,,,,,,
2010-11-26,,,,,,,,,,,,,,,,
2010-11-27,,,,,,,,,,,,,,,,
2010-11-28,,,,,,,,,,,,,,,,
2010-11-29,,,,,,,,,,,,,,,,
2010-11-30,,,,,,,,,,,,,,,,
2010-12-01,,,,,,,,,,,,,,,,
2010-12-02,,,,,,,,,,,,,,,,
2010-12-03,,,,,,,,,,,,,,,,
2010-12-04,,,,,,,,,,,,,,,,
2010-12-05,,,,,,,,,,,,,,,,
2010-12-06,,,,,,,,,,,,,,,,
2010-12-07,,,,,,,,,,,,,,,,
2010-12-08,,,,,,,,,,,,,,,,
2010-12-09,,,,,,,,,,,,,,,,
2010-12-10,,,,,,,,,,,,,,,,
2010-12-11,,,,,,,,,,,,,,,,
2010-12-12,,,,,,,,,,,,,,,,
2010-12-13,,,,,,,,,,,,,,,,
2010-12-14,,,,,,,,,,,,,,,,
2010-12-15,,,,,,,,,,,,,,,,
2010-12-16,,,,,,,,,,,,,,,,
2010-12-17,,,,,,,,,,,,,,,,
2010-12-18,,,,,,,,,,,,,,,,
2010-12-19,,,,,,,,,,,,,,,,
2010-12-20,,,,,,,,,,,,,,,,
2010-12-21,,,,,,,,,,,,,,,,
2010-12-22,,,,,,,,,,,,,,,,
2010-12-23,,,,,,,,,,,,,,,,
2010-12-24,,,,,,,,,,,,,,,,
2010-12-25,,,,,,,,,,,,,,,,
2010-12-26,,,,,,,,,,,,,,,,
2010-12-27,,,,,,,,,,,,,,,,
2010-12-28,,,,,,,,,,,,,,,,
2010-12-29,,,,,,,,,,,,,,,,
2010-12-30,,,,,,,,,,,,,,,,
2010-12-31,,,,,,,,,,,,,,,,
2011-01-01,,,,,,,,,,,,,,,,
2011-01-02,,,,,,,,,,,,,,,,
2011-01-03,,,,,,,,,,,,,,,,
2011-01-04,,,,,,,,,,,,,,,,
2011-01-05,,,,,,,,,,,,,,,,
2011-01-06,,,,,,,,,,,,,,,,
2011-01-07,,,,,,,,,,,,,,,,
2011-01-08,,,,,,,,,,,,,,,,
2011-01-09,,,,,,,,,,,,,,,,
2011-01-10,,,,,,,,,,,,,,,,
2011-01-11,,,,,,,,,,,,,,,,
2011-01-12,,,,,,,,,,,,,,,,
2011-01-13,,,,,,,,,,,,,,,,
2011-01-14,,,,,,,,,,,,,,,,
2011-01-15,,,,,,,,,,,,,,,,
2011-01-16,,,,,,,,,,,,,,,,
2011-01-17,,,,,,,,,,,,,,,,
2011-01-18,,,,,,,,,,,,,,,,
2011-01-19,,,,,,,,,,,,,,,,
2011-01-20,,,,,,,,,,,,,,,,
2011-01-21,,,,,,,,,,,,,,,,
2011-01-22,,,,,,,,,,,,,,,,
2011-01-23,,,,,,,,,,,,,,,,
2011-01-24,,,,,,,,,,,,,,,,
2011-01-25,,,,,,,,,,,,,,,,
2011-01-26,,,,,,,,,,,,,,,,
2011-01-27,,,,,,,,,,,,,,,,
2011-01-28,,,,,,,,,,,,,,,,
2011-01-29,,,,,,,,,,,,,,,,
2011-01-30,,,,,,,,,,,,,,,,
2011-01-31,,,,,,,,,,,,,,,,
2011-02-01,,,,,,,,,,,,,,,,
2011-02-02,,,,,,,,,,,,,,,,
2011-02-03,,,,,,,,,,,,,,,,
2011-02-04,,,,,,,,,,,,,,,,
2011-02-05,,,,,,,,,,,,,,,,
2011-02-06,,,,,,,,,,,,,,,,
2011-02-07,,,,,,,,,,,,,,,,
2011-02-08,,,,,,,,,,,,,,,,
2011-02-09,,,,,,,,,,,,,,,,
2011-02-10,,,,,,,,,,,,,,,,
2011-02-11,,,,,,,,,,,,,,,,
2011-02-12,,,,,,,,,,,,,,,,
2011-02-13,,,,,,,,,,,,,,,,
2011-02-14,,,,,,,,,,,,,,,,
2011-02-15,,,,,,,,,,,,,,,,
2011-02-16,,,,,,,,,,,,,,,,
2011-02-17,,,,,,,,,,,,,,,,
2011-02-18,,,,,,,,,,,,,,,,
2011-02-19,,,,,,,,,,,,,,,,
2011-02-20,,,,,,,,,,,,,,,,
2011-02-21,,,,,,,,,,,,,,,,
2011-02-22,,,,,,,,,,,,,,,,
2011-02-23,,,,,,,,,,,,,,,,
2011-02-24,,,,,,,,,,,,,,,,
2011-02-25,,,,,,,,,,,,,,,,
2011-02-26,,,,,,,,,,,,,,,,
2011-02-27,,,,,,,,,,,,,,,,
2011-02-28,,,,,,,,,,,,,,,,
2011-03-01,,,,,,,,,,,,,,,,
2011-03-02,,,,,,,,,,,,,,,,
2011-03-03,,,,,,,,,,,,,,,,
2011-03-04,,,,,,,,,,,,,,,,
2011-03-05,,,,,,,,,,,,,,,,
2011-03-06,,,,,,,,,,,,,,,,
2011-03-07,,,,,,,,,,,,,,,,
2011-03-08,,,,,,,,,,,,,,,,
2011-03-09,,,,,,,,,,,,,,,,
2011-03-10,,,,,,,,,,,,,,,,
2011-03-11,,,,,,,,,,,,,,,,
2011-03-12,,,,,,,,,,,,,,,,
2011-03-13,,,,,,,,,,,,,,,,
2011-03-14,,,,,,,,,,,,,,,,
2011-03-15,,,,,,,,,,,,,,,,
2011-03-16,,,,,,,,,,,,,,,,
2011-03-17,,,,,,,,,,,,,,,,
2011-03-18,,,,,,,,,,,,,,,,
2011-03-19,,,,,,,,,,,,,,,,
2011-03-20,,,,,,,,,,,,,,,,
2011-03-21,,,,,,,,,,,,,,,,
2011-03-22,,,,,,,,,,,,,,,,
2011-03-23,,,,,,,,,,,,,,,,
2011-03-24,,,,,,,,,,,,,,,,
2011-03-25,,,,,,,,,,,,,,,,
2011-03-26,,,,,,,,,,,,,,,,
2011-03-27,,,,,,,,,,,,,,,,
2011-03-28,,,,,,,,,,,,,,,,
2011-03-29,,,,,,,,,,,,,,,,
2011-03-30,,,,,,,,,,,,,,,,
2011-03-31,,,,,,,,,,,,,,,,
2011-04-01,,,,,,,,,,,,,,,,
2011-04-02,,,,,,,,,,,,,,,,
2011-04-03,,,,,,,,,,,,,,,,
2011-04-04,,,,,,,,,,,,,,,,
2011-04-05,,,,,,,,,,,,,,,,
2011-04-06,,,,,,,,,,,,,,,,
2011-04-07,,,,,,,,,,,,,,,,
2011-04-08,,,,,,,,,,,,,,,,
2011-04-09,,,,,,,,,,,,,,,,
2011-04-10,,,,,,,,,,,,,,,,
2011-04-11,,,,,,,,,,,,,,,,
2011-04-12,,,,,,,,,,,,,,,,
2011-04-13,,,,,,,,,,,,,,,,
2011-04-14,,,,,,,,,,,,,,,,
2011-04-15,,,,,,,,,,,,,,,,
2011-04-16,,,,,,,,,,,,,,,,
2011-04-17,,,,,,,,,,,,,,,,
2011-04-18,,,,,,,,,,,,,,,,
2011-04-19,,,,,,,,,,,,,,,,
2011-04-20,,,,,,,,,,,,,,,,
2011-04-21,,,,,,,,,,,,,,,,
2011-04-22,,,,,,,,,,,,,,,,
2011-04-23,,,,,,,,,,,,,,,,
2011-04-24,,,,,,,,,,,,,,,,
2011-04-25,,,,,,,,,,,,,,,,
2011-04-26,,,,,,,,,,,,,,,,
2011-04-27,,,,,,,,,,,,,,,,
2011-04-28,,,,,,,,,,,,,,,,
2011-04-29,,,,,,,,,,,,,,,,
2011-04-30,,,,,,,,,,,,,,,,
2011-05-01,,,,,,,,,,,,,,,,
2011-05-02,,,,,,,,,,,,,,,,
2011-05-03,,,,,,,,,,,,,,,,
2011-05-04,,,,,,,,,,,,,,,,
2011-05-05,,,,,,,,,,,,,,,,
2011-05-06,,,,,,,,,,,,,,,,
2011-05-07,,,,,,,,,,,,,,,,
2011-05-08,,,,,,,,,,,,,,,,
2011-05-09,,,,,,,,,,,,,,,,
2011-05-10,,,,,,,,,,,,,,,,
2011-05-11,,,,,,,,,,,,,,,,
2011-05-12,,,,,,,,,,,,,,,,
2011-05-13,,,,,,,,,,,,,,,,
2011-05-14,,,,,,,,,,,,,,,,
2011-05-15,,,,,,,,,,,,,,,,
2011-05-16,,,,,,,,,,,,,,,,
2011-05-17,,,,,,,,,,,,,,,,
2011-05-18,,,,,,,,,,,,,,,,
2011-05-19,,,,,,,,,,,,,,,,
2011-05-20,,,,,,,,,,,,,,,,
2011-05-21,,,,,,,,,,,,,,,,
2011-05-22,,,,,,,,,,,,,,,,
2011-05-23,,,,,,,,,,,,,,,,
2011-05-24,,,,,,,,,,,,,,,,
2011-05-25,,,,,,,,,,,,,,,,
2011-05-26,,,,,,,,,,,,,,,,
2011-05-27,,,,,,,,,,,,,,,,
2011-05-28,,,,,,,,,,,,,,,,
2011-05-29,,,,,,,,,,,,,,,,
2011-05-30,,,,,,,,,,,,,,,,
2011-05-31,,,,,,,,,,,,,,,,
2011-06-01,,,,,,,,,,,,,,,,
2011-06-02,,,,,,,,,,,,,,,,
2011-06-03,,,,,,,,,,,,,,,,
2011-06-04,,,,,,,,,,,,,,,,
2011-06-05,,,,,,,,,,,,,,,,
2011-06-06,,,,,,,,,,,,,,,,
2011-06-07,,,,,,,,,,,,,,,,
2011-06-08,,,,,,,,,,,,,,,,
2011-06-09,,,,,,,,,,,,,,,,
2011-06-10,,,,,,,,,,,,,,,,
2011-06-11,,,,,,,,,,,,,,,,
2011-06-12,,,,,,,,,,,,,,,,
2011-06-13,,,,,,,,,,,,,,,,
2011-06-14,,,,,,,,,,,,,,,,
2011-06-15,,,,,,,,,,,,,,,,
2011-06-16,,,,,,,,,,,,,,,,
2011-06-17,,,,,,,,,,,,,,,,
2011-06-18,,,,,,,,,,,,,,,,
2011-06-19,,,,,,,,,,,,,,,,
2011-06-20,,,,,,,,,,,,,,,,
2011-06-21,,,,,,,,,,,,,,,,
2011-06-22,,,,,,,,,,,,,,,,
2011-06-23,,,,,,,,,,,,,,,,
2011-06-24,,,,,,,,,,,,,,,,
2011-06-25,,,,,,,,,,,,,,,,
2011-06-26,,,,,,,,,,,,,,,,
2011-06-27,,,,,,,,,,,,,,,,
2011-06-28,,,,,,,,,,,,,,,,
2011-06-29,,,,,,,,,,,,,,,,
2011-06-30,,,,,,,,,,,,,,,,
2011-07-01,,,,,,,,,,,,,,,,
2011-07-02,,,,,,,,,,,,,,,,
2011-07-03,,,,,,,,,,,,,,,,
2011-07-04,,,,,,,,,,,,,,,,
2011-07-05,,,,,,,,,,,,,,,,
2011-07-06,,,,,,,,,,,,,,,,
2011-07-07,,,,,,,,,,,,,,,,
2011-07-08,,,,,,,,,,,,,,,,
2011-07-09,,,,,,,,,,,,,,,,
2011-07-10,283.351,0.73618,2.721,157.845,47.909000000000006,320.79200000000003,320.0,861.5629500947016,2.0,2.0,0.4794221511655965,0.0066177706299367384,299.54614981699405,273.15000000000003,0.004413178544944924,2.0
2011-07-11,280.80749999999995,0.7819458333333333,3.9779166666666668,307.4192604166667,93.65291666666666,305.68666666666667,319.78625000000005,861.5629500947019,2.0,2.0,0.5758384244100384,0.00592981968606493,295.3622471159714,273.1499999999999,0.004413178544944925,2.0
2011-07-12,276.5145833333333,0.9155291666666668,3.282083333333333,126.14905691666665,43.11791666666667,322.57374999999996,318.0166666666666,861.5629500947019,2.0,2.0,0.714542013836025,0.005155443564807944,289.23142785796773,273.1499999999999,0.004413178544944925,2.0
2011-07-13,274.10083333333336,0.8077708333333335,8.829583333333334,211.69641695833332,78.80458333333333,276.84999999999997,313.86833333333334,861.5629500947019,2.0,2.0,0.7801885224844329,0.003820498073841157,283.5588516161686,273.14467693683895,0.004411247778045882,2.0
2011-07-14,273.90500000000003,0.8944541666666667,6.860833333333332,137.703176,99.58166666666666,313.9204166666667,316.1070833333334,861.5629500947019,2.0,2.0,0.78526565074317,0.004169877711858372,284.2274133792851,273.1499999999999,0.004413178544944925,2.0
2011-07-15,276.2966666666667,0.7276791666666665,4.689166666666666,203.30567702416667,126.4882122908333,280.3654166666667,317.3087500000001,861.5629500947019,2.0,2.0,0.716904152564112,0.0038946282479182127,285.9187042526574,273.1499999999999,0.004413178544944925,2.0
2011-07-16,280.2495833333333,0.6894416666666664,2.634583333333333,181.6186720833333,82.25291666666666,295.92875,318.42041666666665,861.5629500947019,2.0,2.0,0.5951152286696416,0.005023940730937868,292.5973018270077,273.1499999999999,0.004413178544944925,2.0
2011-07-17,279.03583333333336,0.6843458333333334,2.2125,307.84297141666667,122.5629166666667,258.12708333333336,318.28125,861.5629500947019,2.0,2.0,0.6358145922773889,0.00453937940483759,290.21187091731844,273.1499999999999,0.004413178544944925,2.0
2011-07-18,279.96666666666664,0.9046208333333333,2.9920833333333334,52.631607666666675,18.833333333333332,340.7666666666667,319.37583333333333,861.5629500947019,2.0,2.0,0.6060174528160219,0.006482959823105172,295.88504746633834,273.1499999999999,0.004413178544944925,2.0
2011-07-19,281.2758333333333,0.8650624999999997,4.9766666666666675,71.65122375,24.15083333333334,334.86708333333337,319.97999999999996,861.5629500947019,2.0,2.0,0.5597340499770945,0.006750132851871023,297.8263000975688,273.1499999999999,0.004413178544944925,2.0
2011-07-20,281.6729166666667,0.7613916666666666,3.3375,186.32998416666666,61.55125,314.89958333333334,319.99333333333334,861.5629500947019,2.0,2.0,0.5450364461740481,0.006096566194023615,296.62425025628727,273.1499999999999,0.004413178544944925,2.0
2011-07-21,280.6316666666667,0.7540708333333335,3.1962500000000005,191.4033719583334,65.46708333333332,298.5975,319.6845833333333,861.5629500947019,2.0,2.0,0.5834398242634163,0.0056382740654414105,294.4783041780609,273.1499999999999,0.004413178544944925,2.0
2011-07-22,278.8341666666667,0.7121375,2.322916666666667,311.7402910833333,110.67666666666669,262.0220833333333,317.9895833333333,861.5629500947019,2.0,2.0,0.6436665786900614,0.004673659638527935,290.3417050923354,273.1499999999999,0.004413178544944925,2.0
2011-07-23,278.0725,0.9352666666666666,1.9604166666666665,30.355755666666663,12.295416666666668,332.1770833333334,318.3533333333333,861.5629500947019,2.0,2.0,0.6678665616144195,0.005870248839797386,292.52161444008203,273.1499999999999,0.004413178544944925,2.0
2011-07-24,280.23749999999995,0.9913875000000004,2.4362500000000002,66.56048308333332,23.94208333333333,349.21,320.0,861.5629500947019,2.0,2.0,0.5968486793537207,0.0072232047272884565,297.95952747951065,273.1499999999999,0.004413178544944925,2.0
2011-07-25,280.8841666666666,0.8807,2.3287499999999994,128.219468125,41.45458333333333,338.2691666666667,320.0,861.5629500947019,2.0,2.0,0.5740789562656549,0.006682939517155175,297.2778563067933,273.1499999999999,0.004413178544944925,2.0
2011-07-26,279.46958333333333,0.9313541666666668,2.3375,51.82422691666667,18.012083333333337,330.28875,319.84291666666667,861.5629500947019,2.0,2.0,0.6232359839696167,0.006433410965984056,295.2762824612107,273.1499999999999,0.004413178544944925,2.0
2011-07-27,280.5291666666667,0.731575,2.8441666666666667,204.56061116666663,70.30416666666666,290.3145833333333,318.9391666666667,861.5629500947019,2.0,2.0,0.5855464658469863,0.005419270327280439,293.8404733261169,273.1499999999999,0.004413178544944925,2.0
2011-07-28,279.1812499999999,0.7670458333333334,2.8420833333333335,294.58741604166664,104.6079166666667,260.17625,317.91125,861.5629500947019,2.0,2.0,0.6320016294589008,0.00519702257069633,291.966183893572,273.1499999999999,0.004413178544944925,2.0
2011-07-29,280.1858333333333,0.874758333333333,2.97,190.85598258333332,63.70416666666666,322.06041666666664,319.62708333333336,861.5629500947019,2.0,2.0,0.5982023593417515,0.006347730489683764,295.7713840354397,273.1499999999999,0.004413178544944925,2.0
2011-07-30,279.1108333333333,0.8959958333333332,2.9612499999999997,82.72495945833332,27.890416666666663,340.64500000000004,319.4425,861.5629500947019,2.0,2.0,0.6349958913367559,0.006041184131854675,293.9636113881182,273.1499999999999,0.004413178544944925,2.0
2011-07-31,278.5708333333333,0.9300541666666667,2.09375,68.72522137500002,23.89125,333.75291666666664,319.80041666666665,861.5629500947019,2.0,2.0,0.6523626485722952,0.006027718859408992,293.3991745739707,273.1499999999999,0.004413178544944925,2.0
2011-08-01,278.81166666666667,0.8639375,2.934583333333333,128.8614878333333,45.063750000000006,320.37083333333334,318.4479166666667,861.5629500947019,2.0,2.0,0.6436579568238874,0.005690762445679287,292.81119374778234,273.1499999999999,0.004413178544944925,2.0
2011-08-02,281.73791666666665,0.6904708333333334,3.4508333333333336,257.79259341666665,88.3625,294.8379166666668,319.3104166666667,861.5629500947019,2.0,2.0,0.539872006423292,0.005520614106886891,295.28038655284337,273.1499999999999,0.004413178544944925,2.0
2011-08-03,281.40333333333336,0.5267791666666667,4.52125,262.94772441666663,87.42916666666666,274.4583333333333,319.17875000000004,861.5629500947019,2.0,2.0,0.5510446288036447,0.003999842749669308,291.2343824329988,273.1499999999999,0.004413178544944925,2.0
2011-08-04,277.8941666666667,0.7605750000000001,1.68875,203.90812733333334,73.17208333333332,295.38458333333335,318.21750000000003,861.5629500947019,2.0,2.0,0.6735470570218816,0.004708380011720556,289.4971603670023,273.1499999999999,0.004413178544944925,2.0
2011-08-05,277.30833333333334,0.8395166666666666,1.7870833333333334,178.88653012500004,67.18916666666668,287.1,316.90999999999997,861.5629500947019,2.0,2.0,0.6908016144551948,0.004995464278695242,289.6223352811177,273.1499999999999,0.004413178544944925,2.0
2011-08-06,276.4287499999999,0.9040500000000001,1.6025,153.24820445833333,58.604583333333345,300.8541666666666,317.16041666666666,861.5629500947019,2.0,2.0,0.717274437264086,0.005046731348231439,288.8804183184945,273.1499999999999,0.004413178544944925,2.0
2011-08-07,275.13666666666666,0.993,0.90375,76.695532375,31.02,327.0129166666667,317.7941666666667,861.5629500947019,2.0,2.0,0.7532032691282597,0.005057900888369456,287.6324255636586,273.1499999999999,0.004413178544944925,2.0
2011-08-08,274.11499999999995,0.9962749999999999,1.3004166666666666,30.447312583333332,12.610416666666664,320.3016666666667,316.3020833333333,861.5629500947019,2.0,2.0,0.7797637856136376,0.004719634768983156,285.7901529247793,273.1499999999999,0.004413178544944925,2.0
2011-08-09,273.9366666666666,0.9254958333333331,0.5958333333333333,127.60544424999999,53.27916666666667,316.17875,315.73125,861.5629500947019,2.0,2.0,0.7843183676439929,0.004330426070224142,284.65397473287817,273.1499999999999,0.004413178544944925,2.0
2011-08-10,274.3016666666667,0.8953833333333333,1.163333333333333,150.90150237499998,87.75708333333334,296.835,314.62916666666666,861.5629500947019,2.0,2.0,0.7749736463728295,0.004284033620623244,284.9016600068567,273.1499999999999,0.004413178544944925,2.0
2011-08-11,273.45249999999993,0.8031166666666666,4.359083333333333,161.96624375000002,87.85541666666667,273.54249999999996,310.70166666666665,861.5629500947019,2.0,2.0,0.7967282992839383,0.0036138093196236847,282.40678124649656,272.9151283968136,0.004332892087337997,2.0
2011-08-12,273.19874999999996,0.855316666666667,2.659583333333334,123.13841924999998,92.73458333333333,294.4641666666666,310.05041666666665,861.5629500947019,2.0,2.0,0.8035242057570017,0.00377587472464101,282.5552770229909,272.6579527816719,0.004247535191634825,2.0
2011-08-13,275.25499999999994,0.7432083333333334,1.372083333333333,184.55331187500005,114.6875,274.23458333333326,306.9441666666667,861.5629500947019,2.0,2.0,0.7475373978043738,0.0037915114295972584,284.6295530454983,271.6195881003894,0.0039429082408560185,2.0
2011-08-14,278.82958333333335,0.7562875000000001,2.021666666666667,181.30048304166664,84.91833333333335,270.16124999999994,317.06041666666664,861.5629500947019,2.0,2.0,0.6431163499410144,0.004979479575062545,291.0865764342043,273.131499272284,0.004406515004089785,2.0
2011-08-15,279.8066666666667,0.7396250000000001,3.466666666666667,157.58061508333333,54.569583333333334,292.31875,318.6641666666667,861.5629500947019,2.0,2.0,0.6114461904244316,0.005219846886656629,292.6402540449162,273.1499999999999,0.004413178544944925,2.0
2011-08-16,278.90000000000003,0.9553166666666669,1.9887500000000005,26.15267908333333,7.960833333333336,338.8545833333334,319.5683333333333,861.5629500947019,2.0,2.0,0.6418885786150239,0.006349912776077275,294.51098238603817,273.1499999999999,0.004413178544944925,2.0
2011-08-17,277.7929166666666,0.9780625000000004,1.74125,50.492948625,15.070416666666667,333.3725,319.60124999999994,861.5629500947019,2.0,2.0,0.6762557867744333,0.006021544182485715,292.6165712915139,273.1499999999999,0.004413178544944925,2.0
2011-08-18,277.1658333333333,0.9914916666666665,2.6554166666666665,30.563750000000002,9.731666666666667,333.8716666666666,320.0,861.5629500947019,2.0,2.0,0.6958345171017551,0.005831672937061963,291.5344439659388,273.1499999999999,0.004413178544944925,2.0
2011-08-19,275.58624999999995,0.9963833333333332,2.344583333333334,21.77166666666666,7.042083333333334,326.33624999999995,319.3016666666667,861.5629500947019,2.0,2.0,0.7409105876535903,0.005241790389286458,288.52828663414385,273.1499999999999,0.004413178544944925,2.0
2011-08-20,276.4941666666667,0.9953874999999998,1.5045833333333336,49.89203012499999,15.972499999999998,331.4108333333334,319.12708333333336,861.5629500947019,2.0,2.0,0.7151861599871476,0.005588377201365531,290.27494675571563,273.1499999999999,0.004413178544944925,2.0
2011-08-21,277.02958333333333,0.9947666666666667,2.5941666666666667,19.971529500000003,6.078749999999999,333.0904166666666,319.78625000000005,861.5629500947019,2.0,2.0,0.6997885492947095,0.005796508473240025,291.3137844512265,273.1499999999999,0.004413178544944925,2.0
2011-08-22,278.06624999999997,0.9835916666666669,2.7404166666666665,21.004583333333333,5.976666666666667,336.4716666666666,319.89541666666673,861.5629500947019,2.0,2.0,0.6683576192035156,0.00616289650420012,293.2329670992904,273.1499999999999,0.004413178544944925,2.0
2011-08-23,277.9316666666667,0.8797541666666667,3.6649999999999996,152.059073875,45.30166666666667,313.3091666666667,318.74500000000006,861.5629500947019,2.0,2.0,0.6726397750389951,0.005454821230692406,291.3657175147971,273.1499999999999,0.004413178544944925,2.0
2011-08-24,277.7054166666666,0.7656375,1.8762500000000006,144.9532989166667,50.69458333333335,281.2916666666667,317.0016666666666,861.5629500947019,2.0,2.0,0.6790521090701943,0.004655611070695665,289.1816980132468,273.1499999999999,0.004413178544944925,2.0
2011-08-25,278.5479166666666,0.7643208333333336,1.7408333333333335,134.70060041666667,48.88458333333333,293.0045833333333,317.3804166666667,861.5629500947019,2.0,2.0,0.6526989037468769,0.004946299315539339,290.72679670028595,273.1499999999999,0.004413178544944925,2.0
2011-08-26,279.03833333333324,0.8831291666666669,2.28375,105.30330229166668,36.202083333333334,313.48916666666656,318.9395833333333,861.5629500947019,2.0,2.0,0.6363766255971955,0.005910975965206698,293.57337474945484,273.1499999999999,0.004413178544944925,2.0
2011-08-27,279.8991666666667,0.7893375000000001,2.365833333333333,90.18826345833332,27.424583333333334,308.16416666666674,319.0525,861.5629500947019,2.0,2.0,0.6080842792050142,0.00562806415626238,293.7287179760174,273.1499999999999,0.004413178544944925,2.0
2011-08-28,282.11291666666665,0.8857041666666664,3.2425,79.70445083333333,20.850416666666664,347.8374999999999,320.0,861.5629500947019,2.0,2.0,0.5263039408614058,0.007330642094037969,300.0620237348108,273.1499999999999,0.004413178544944925,2.0
2011-08-29,277.3295833333333,0.9440833333333334,2.0350000000000006,37.160961416666666,10.468333333333334,334.21458333333334,319.98083333333335,861.5629500947019,2.0,2.0,0.6903000967299925,0.0056256306572862605,291.1896417422185,273.1499999999999,0.004413178544944925,2.0
2011-08-30,275.91249999999997,0.9487541666666667,1.4395833333333332,71.98226308333334,21.525833333333335,325.61833333333334,319.5016666666666,861.5629500947019,2.0,2.0,0.7318777180054892,0.005107699034892517,288.5207204835512,273.1499999999999,0.004413178544944925,2.0
2011-08-31,275.8716666666666,0.9451583333333334,1.3429166666666668,67.851489875,21.425416666666667,319.51833333333326,318.62916666666666,861.5629500947019,2.0,2.0,0.7325865110450759,0.005079022448020531,288.4093208996257,273.1499999999999,0.004413178544944925,2.0
2011-09-01,273.88666666666666,0.9632041666666664,0.5020833333333333,80.93190449999999,31.955416666666665,318.8120833333334,316.7870833333333,861.5629500947019,2.0,2.0,0.7855036909810398,0.004488329213616677,284.9939155074927,273.1499999999999,0.004413178544944925,2.0
2011-09-02,275.0671428571428,0.9113714285714286,0.7985714285714286,196.14928571428575,84.44357142857143,290.4114285714286,313.60928571428576,861.5629500947016,2.0,2.0,0.7520497776413994,0.004626088702474762,286.4970737588156,272.98285700693947,0.0043535030186668145,2.0
